t,frame,floor,floorName,state,x,y,z
0.00,000,-1,지하,Patrol,-5.98,-3.15,-3.01
0.33,001,-1,지하,Patrol,-5.89,-3.15,-3.05
0.73,002,-1,지하,Patrol,-5.39,-3.15,-3.27
1.13,003,-1,지하,Investigate,-4.88,-3.15,-3.49
1.53,004,-1,지하,Investigate,-4.04,-3.15,-3.86
1.93,005,-1,지하,Investigate,-3.19,-3.15,-4.23
2.33,006,-1,지하,Investigate,-2.37,-3.15,-4.57
2.73,007,-1,지하,Investigate,-1.71,-3.15,-4.94
3.13,008,-1,지하,Investigate,-1.01,-3.15,-5.30
3.53,009,-1,지하,Investigate,-0.28,-3.15,-5.57
3.93,010,-1,지하,Investigate,0.53,-3.15,-5.39
4.33,011,-1,지하,Investigate,1.20,-3.15,-4.77
4.74,012,-1,지하,Investigate,1.83,-3.15,-4.10
5.14,013,-1,지하,Investigate,2.47,-3.15,-3.44
5.54,014,-1,지하,Investigate,3.10,-3.15,-2.77
5.94,015,-1,지하,Investigate,3.73,-3.15,-2.10
6.34,016,-1,지하,Investigate,4.36,-3.15,-1.43
6.74,017,-1,지하,Investigate,4.99,-3.15,-0.77
7.14,018,-1,지하,Investigate,5.62,-3.15,-0.10
7.54,019,-1,지하,Investigate,6.24,-3.13,0.56
7.94,020,-1,지하,Investigate,6.89,-3.10,1.20
8.34,021,-1,지하,Investigate,7.50,-3.05,1.85
8.74,022,-1,지하,Investigate,7.86,-2.56,2.55
9.14,023,-1,지하,Investigate,7.85,-2.11,3.37
9.54,024,-1,지하,Investigate,7.84,-1.66,4.20
9.94,025,-1,지하,Investigate,7.83,-1.21,5.02
10.34,026,-1,지하,Investigate,7.82,-0.75,5.86
10.74,027,0,1층,Investigate,7.81,-0.31,6.71
11.14,028,0,1층,Investigate,7.80,0.01,7.58
11.54,029,0,1층,Investigate,7.21,0.05,7.90
11.94,030,0,1층,Investigate,6.38,0.05,7.53
12.34,031,0,1층,Investigate,5.60,0.05,7.05
12.74,032,0,1층,Investigate,4.81,0.05,6.57
13.14,033,0,1층,Investigate,4.01,0.05,6.09
13.54,034,0,1층,Investigate,3.24,0.05,5.62
13.94,035,0,1층,Investigate,2.45,0.05,5.14
14.34,036,0,1층,Investigate,1.66,0.05,4.66
14.74,037,0,1층,Investigate,0.87,0.05,4.18
15.14,038,0,1층,Investigate,0.09,0.05,3.71
15.54,039,0,1층,Investigate,-0.69,0.05,3.23
15.94,040,0,1층,Investigate,-1.47,0.05,2.75
16.34,041,0,1층,Investigate,-2.18,0.05,2.30
16.74,042,0,1층,Investigate,-2.81,0.05,1.89
17.14,043,0,1층,Investigate,-3.48,0.05,1.50
17.54,044,0,1층,Investigate,-4.36,0.05,1.40
17.94,045,0,1층,Investigate,-5.25,0.07,1.57
18.34,046,0,1층,Investigate,-6.07,0.08,1.70
18.74,047,0,1층,Investigate,-6.80,0.09,1.81
19.14,048,0,1층,Investigate,-7.47,0.23,1.95
19.54,049,0,1층,Investigate,-7.87,0.62,2.52
19.94,050,0,1층,Investigate,-7.86,1.07,3.34
20.34,051,0,1층,Investigate,-7.85,1.52,4.17
20.74,052,0,1층,Investigate,-7.84,1.97,4.99
21.14,053,0,1층,Investigate,-7.83,2.42,5.81
21.54,054,1,2층,Investigate,-7.85,2.81,6.53
21.94,055,1,2층,Investigate,-7.85,3.09,7.25
22.34,056,1,2층,Investigate,-7.59,3.25,7.91
22.74,057,1,2층,Investigate,-6.76,3.25,7.72
23.14,058,1,2층,Investigate,-5.91,3.25,7.34
23.54,059,1,2층,Investigate,-5.08,3.25,6.98
23.94,060,1,2층,Investigate,-4.23,3.25,6.61
24.34,061,1,2층,Investigate,-3.39,3.25,6.24
24.74,062,1,2층,Investigate,-2.55,3.25,5.87
25.14,063,1,2층,Investigate,-1.71,3.25,5.50
25.54,064,1,2층,Investigate,-0.86,3.25,5.12
25.94,065,1,2층,Investigate,-0.02,3.25,4.76
26.34,066,1,2층,Investigate,0.83,3.25,4.39
26.74,067,1,2층,Investigate,1.67,3.25,4.02
27.14,068,1,2층,Investigate,2.51,3.25,3.65
27.54,069,1,2층,Investigate,3.35,3.25,3.28
27.94,070,1,2층,Investigate,4.20,3.25,2.91
28.34,071,1,2층,Investigate,5.13,3.25,2.49
28.74,072,1,2층,Investigate,5.81,3.25,2.22
28.97,073,1,2층,Investigate,6.22,3.25,2.06
28.97,074,1,2층,Investigate,6.30,3.25,2.03
28.97,075,1,2층,Investigate,6.37,3.25,2.00
28.97,076,1,2층,Investigate,6.45,3.25,1.96